{"cameraMode":{"drawMode":0,"name":"Shaded","section":"Shading Mode"},"sceneLighting":false,"audioPlay":false,"sceneViewState":{"showFog":true,"showMaterialUpdate":false,"showSkybox":true,"showFlares":true,"showImageEffects":true,"showParticleSystems":true},"in2DMode":false,"pivot":{"x":134.83905029296876,"y":-2.889899492263794,"z":0.10611915588378906},"rotation":{"x":0.022498037666082383,"y":0.007497570477426052,"z":-0.0001698978740023449,"w":0.9997248649597168},"size":8.4266939163208,"orthographic":false}