{"cameraMode":{"drawMode":0,"name":"Shaded","section":"Shading Mode"},"sceneLighting":false,"audioPlay":false,"sceneViewState":{"showFog":true,"showMaterialUpdate":false,"showSkybox":false,"showFlares":true,"showImageEffects":true,"showParticleSystems":true},"in2DMode":false,"pivot":{"x":-0.7326778173446655,"y":1.5231481790542603,"z":0.20058941841125489},"rotation":{"x":0.0744175910949707,"y":-0.11640520393848419,"z":0.008746788837015629,"w":0.9903722405433655},"size":1.1866180896759034,"orthographic":false}